{"_id":"2f1ce2e663a5303800034c00744219a7","skjc":"5","xqj":"2","_openid":"o3QP34mLINqDQaInc9Nqjr8eXEac","kcmc":"语文"}
{"_id":"2f1ce2e663a536a800036a46473415d6","_openid":"o3QP34mLINqDQaInc9Nqjr8eXEac","kcmc":"1","skjc":"3","xqj":"1"}
{"_id":"7b803a6863a536b500031fe14ee7af0c","_openid":"o3QP34mLINqDQaInc9Nqjr8eXEac","kcmc":"物理","skjc":"3","xqj":"6"}
{"_id":"c2d93a7563a536cb000262e150d4a328","_openid":"o3QP34mLINqDQaInc9Nqjr8eXEac","kcmc":"物理","skjc":"5","xqj":"7"}
{"_id":"67cbbdac63a536d700050b7e6ca20c19","kcmc":"物理","skjc":"3","xqj":"4","_openid":"o3QP34mLINqDQaInc9Nqjr8eXEac"}
{"_id":"67cbbdac63a536e000050bac7771dd58","_openid":"o3QP34mLINqDQaInc9Nqjr8eXEac","kcmc":"语文","skjc":"5","xqj":"4"}
{"_id":"db2550a263a536e700024a9f2588bcda","kcmc":"语文","skjc":"5","xqj":"3","_openid":"o3QP34mLINqDQaInc9Nqjr8eXEac"}
{"_id":"e391cb3a63a5371b00037a1a17808478","_openid":"o3QP34mLINqDQaInc9Nqjr8eXEac","kcmc":"语言","skjc":"7","xqj":"2"}
{"_id":"dc8618b063a53721000200153c9c6893","xqj":"2","_openid":"o3QP34mLINqDQaInc9Nqjr8eXEac","kcmc":"语言","skjc":"5"}
{"_id":"266e31d663a5372b0002a36557980cb2","xqj":"3","_openid":"o3QP34mLINqDQaInc9Nqjr8eXEac","kcmc":"语言","skjc":"7"}
{"_id":"ed506d3263a537320003f4d2607be735","_openid":"o3QP34mLINqDQaInc9Nqjr8eXEac","kcmc":"语言","skjc":"9","xqj":"3"}
{"_id":"bd7bb71863a5374d0003c42917271144","kcmc":"数学","skjc":"1","xqj":"2","_openid":"o3QP34mLINqDQaInc9Nqjr8eXEac"}
{"_id":"27cb23c663a53750000335a15ad47705","_openid":"o3QP34mLINqDQaInc9Nqjr8eXEac","kcmc":"数学","skjc":"1","xqj":"3"}
{"_id":"ed506d3263a5375d0003f5920aacf0c8","skjc":"1","xqj":"2","_openid":"o3QP34mLINqDQaInc9Nqjr8eXEac","kcmc":"数学"}
{"_id":"a149808563a5376b000530ba6a7221f0","_openid":"o3QP34mLINqDQaInc9Nqjr8eXEac","kcmc":"数学","skjc":"1","xqj":"4"}
{"_id":"d26f8b7363a542d60002fa1e2e20ff39","_openid":"o3QP34mLINqDQaInc9Nqjr8eXEac","kcmc":"生物","skjc":"1","xqj":"7"}
{"_id":"91255bf263a542e900033dc267a521c7","_openid":"o3QP34mLINqDQaInc9Nqjr8eXEac","kcmc":"语文","skjc":"3","xqj":"1"}
{"_id":"afbf821863a54c1d0002fa4e093e083f","_openid":"oZXvY4gX1P9LufGPhDX6PVJ5byMA","kcmc":"语文","skjc":"1","xqj":"1"}
{"_id":"e391cb3a63a54c3c0004852a0964bf13","skjc":"3","xqj":"5","_openid":"oZXvY4gX1P9LufGPhDX6PVJ5byMA","kcmc":"数学"}
{"_id":"18e540f163a54ca80005232b71ffe638","_openid":"oZXvY4gX1P9LufGPhDX6PVJ5byMA","kcmc":"数学","skjc":"3","xqj":"1"}
{"_id":"ed506d3263a54cf10004fd4327cc320a","_openid":"oZXvY4gX1P9LufGPhDX6PVJ5byMA","kcmc":"物理","skjc":"5","xqj":"1"}
{"_id":"bd7bb71863a54e890004bd5e31c53662","_openid":"oZXvY4gX1P9LufGPhDX6PVJ5byMA","kcmc":"数学","skjc":"1","xqj":"1"}
{"_id":"15b51a1963a65348000889a54671da93","_openid":"oZXvY4pnHjVabcPsN8uTjs0frQvo","kcmc":"数据库","skjc":"5","xqj":"1"}
{"_id":"ec25406863a653c30006544650ec5071","skjc":"1","xqj":"5","_openid":"oZXvY4gX1P9LufGPhDX6PVJ5byMA","kcmc":"数学"}
