{"_id":"7a3a908263a5718400054aab135fb725","replyContent":[],"time":"2022-12-23 17:14:44","userInfo":{"gender":0.0,"language":"zh_CN","nickName":" 云淡风轻づ","province":"","avatarUrl":"https://thirdwx.qlogo.cn/mmopen/vi_32/Q0j4TwGTfTIDd1HT30cLyWxlmWz6lrrum9D80ht0PLUlBrLbUUztDyLprybC0NL2Dib3O7EE4ictDdcGbZ7cHnNg/132","city":"","country":""},"_openid":"owxIN5aUNqJ5UXiS33nPJfhQ90Fw","currentTime":{"$date":"2022-12-23T09:14:44.91Z"},"info":{"content":"rrr"},"isLike":true,"lookerID":""}
{"_id":"91255bf263a571fe0005678f3c142867","time":"2022-12-23 17:16:46","userInfo":{"avatarUrl":"https://thirdwx.qlogo.cn/mmopen/vi_32/Q0j4TwGTfTIDd1HT30cLyWxlmWz6lrrum9D80ht0PLUlBrLbUUztDyLprybC0NL2Dib3O7EE4ictDdcGbZ7cHnNg/132","city":"","country":"","gender":0.0,"language":"zh_CN","nickName":" 云淡风轻づ","province":""},"_openid":"owxIN5aUNqJ5UXiS33nPJfhQ90Fw","currentTime":{"$date":"2022-12-23T09:16:46.713Z"},"info":{"content":"aa"},"isLike":true,"lookerID":"","replyContent":[]}
{"_id":"ea0396ba63a5726b000570145f6f5682","time":"2022-12-23 17:18:35","userInfo":"","_openid":"owxIN5aUNqJ5UXiS33nPJfhQ90Fw","currentTime":{"$date":"2022-12-23T09:18:35.994Z"},"info":{"content":"aa "},"isLike":false,"lookerID":"","replyContent":[]}
{"_id":"c2d93a7563a5726c00047ab455e926c2","replyContent":[],"time":"2022-12-23 17:18:36","userInfo":"","_openid":"owxIN5aUNqJ5UXiS33nPJfhQ90Fw","currentTime":{"$date":"2022-12-23T09:18:36.34Z"},"info":{"content":"aa "},"isLike":false,"lookerID":""}
{"_id":"4b73772863a579810005d18f21a810d3","_openid":"oZXvY4gX1P9LufGPhDX6PVJ5byMA","currentTime":{"$date":"2022-12-23T09:48:49.369Z"},"info":{"content":"11111"},"isLike":false,"lookerID":"","replyContent":[],"time":"2022-12-23 17:48:48","userInfo":""}
{"_id":"b8e8f72263a5799100060bde7a67c50b","time":"2022-12-23 17:49:04","userInfo":"","_openid":"oZXvY4gX1P9LufGPhDX6PVJ5byMA","currentTime":{"$date":"2022-12-23T09:49:05.459Z"},"info":{"content":"2586"},"isLike":false,"lookerID":"","replyContent":[]}
{"_id":"15b51a1963a579f00005a75b49d4111a","replyContent":[],"time":"2022-12-23 17:50:40","userInfo":"","_openid":"oZXvY4pnHjVabcPsN8uTjs0frQvo","currentTime":{"$date":"2022-12-23T09:50:40.782Z"},"info":{"content":"www"},"isLike":false,"lookerID":""}
{"_id":"e4e7962663a57c5a0005d1411dda8585","userInfo":"","_openid":"oZXvY4uAGlWxmcqdftKFfOIYlcoc","currentTime":{"$date":"2022-12-23T10:00:58.366Z"},"info":{"content":"六六六"},"isLike":false,"lookerID":"","replyContent":[],"time":"2022-12-23 18:00:56"}
{"_id":"2f1ce2e663a5bc090007e97a18bcf0b0","info":{"content":"毛建勇最帅"},"isLike":false,"lookerID":"","replyContent":[],"time":"2022-12-23 22:32:41","userInfo":"","_openid":"oZXvY4gX1P9LufGPhDX6PVJ5byMA","currentTime":{"$date":"2022-12-23T14:32:41.273Z"}}
{"_id":"2ac57fb563a5bc090008d3d155351c6c","lookerID":"","replyContent":[],"time":"2022-12-23 22:32:39","userInfo":"","_openid":"oZXvY4gX1P9LufGPhDX6PVJ5byMA","currentTime":{"$date":"2022-12-23T14:32:41.286Z"},"info":{"content":"毛建勇最帅"},"isLike":false}
{"_id":"bd7bb71863a5be290008a160252e2852","currentTime":{"$date":"2022-12-23T14:41:45.187Z"},"info":{"content":"邵登攀最帅"},"isLike":false,"lookerID":"","replyContent":[],"time":"2022-12-23 22:41:45","userInfo":"","_openid":"oZXvY4pnHjVabcPsN8uTjs0frQvo"}
{"_id":"7a3a908263a5be2b000789a36dc2a946","currentTime":{"$date":"2022-12-23T14:41:47.428Z"},"info":{"content":"杨老师嘎嘎好，学弟学妹一定要先他的课(˵¯͒〰¯͒˵)"},"isLike":false,"lookerID":"","replyContent":[],"time":"2022-12-23 22:41:47","userInfo":"","_openid":"oZXvY4gX1P9LufGPhDX6PVJ5byMA"}
{"_id":"91255bf263a5be53000783fe73873f04","_openid":"oZXvY4pnHjVabcPsN8uTjs0frQvo","currentTime":{"$date":"2022-12-23T14:42:27.709Z"},"info":{"content":"计算机系学生会与明天下午进行纪念129运动演讲比赛"},"isLike":false,"lookerID":"","replyContent":[],"time":"2022-12-23 22:42:27","userInfo":""}
{"_id":"ea0396ba63a5bef400079550629e040d","info":{"content":"本人于农牧楼309教室捡到一部ipone13ProMax1TB远峰蓝，失主请联系1234567890"},"isLike":false,"lookerID":"","replyContent":[],"time":"2022-12-23 22:45:07","userInfo":"","_openid":"oZXvY4pnHjVabcPsN8uTjs0frQvo","currentTime":{"$date":"2022-12-23T14:45:08.058Z"}}
{"_id":"b8e8f72263a5bf3e0007fd0f21843a8e","userInfo":"","_openid":"oZXvY4pnHjVabcPsN8uTjs0frQvo","currentTime":{"$date":"2022-12-23T14:46:22.202Z"},"info":{"content":"推荐同学们选修计算机系杨东晓老师的移动应用开发课程"},"isLike":false,"lookerID":"","replyContent":[],"time":"2022-12-23 22:46:21"}
{"_id":"c247c15063a64fa900084d58208aa47c","lookerID":"","replyContent":[],"time":"2022-12-24 9:02:31","userInfo":"","_openid":"oZXvY4gX1P9LufGPhDX6PVJ5byMA","currentTime":{"$date":"2022-12-24T01:02:33.282Z"},"info":{"content":"财经学院捡到钥匙一串"},"isLike":false}
{"_id":"18e540f163a65120000b0e04430785f3","currentTime":{"$date":"2022-12-24T01:08:48.922Z"},"info":{"content":"11111"},"isLike":false,"lookerID":"","replyContent":[],"time":"2022-12-24 9:08:47","userInfo":"","_openid":"oZXvY4gX1P9LufGPhDX6PVJ5byMA"}
{"_id":"5199e0ed63a653ce00055f3d5197fea8","info":{"content":"哈哈哈哈哈哈哈，答辩完美通过"},"isLike":false,"lookerID":"","replyContent":[],"time":"2022-12-24 9:20:14","userInfo":"","_openid":"oZXvY4pnHjVabcPsN8uTjs0frQvo","currentTime":{"$date":"2022-12-24T01:20:14.349Z"}}
