{"tabBar": {
  "color": "#515151",
  "borderStyle": "white",
  "list": [
    {
      "pagePath": "pages/home/home",
      "selectedIconPath": "/pages/image/首页1.png",
      "iconPath": "/pages/image/首页.png",
      "text": "首页"
    },
    {
      "selectedIconPath": "/pages/image/商城1.png",
      "iconPath": "/pages/image/商城.png",
      "pagePath": "pages/mall/mall",
      "text": "二手商店"
    },
    {
      "selectedIconPath": "/pages/image/发布1.png",
      "iconPath": "/pages/image/发布.png",
      "pagePath": "pages/fabu/fabu",
      "text": "发布"
    },
    {
      "selectedIconPath": "/pages/image/我的.png",
      "iconPath": "/pages/image/我的.png",
      "pagePath": "pages/my/my",
      "text": "我的"
    }
  ]
},
  "usingComponents": {}
  
}